{"cameraMode":{"drawMode":0,"name":"Shaded","section":"Shading Mode"},"sceneLighting":false,"audioPlay":false,"sceneViewState":{"m_AlwaysRefresh":false,"showFog":true,"showSkybox":false,"showFlares":true,"showImageEffects":true,"showParticleSystems":true,"showVisualEffectGraphs":true,"m_FxEnabled":true},"in2DMode":false,"pivot":{"x":-0.04127168655395508,"y":-0.22686411440372468,"z":0.006535232067108154},"rotation":{"x":0.13609452545642854,"y":-0.4765487313270569,"z":0.07495079934597016,"w":0.8653126955032349},"size":1.1651757955551148,"orthographic":false}